1,1,06/03/2018
1,2,06/03/2018
1,3,06/03/2018
1,4,06/03/2018
1,5,06/03/2018
1,6,06/03/2018
1,7,06/03/2018
1,8,06/03/2018
1,9,06/03/2018
1,10,06/03/2018
1,11,06/03/2018
1,12,06/03/2018
1,13,06/03/2018
1,14,06/03/2018
1,15,06/03/2018
1,16,06/03/2018
1,17,06/03/2018
1,18,06/03/2018
1,19,06/03/2018
1,20,06/03/2018
1,21,06/03/2018
1,22,06/03/2018
1,23,06/03/2018
1,24,06/03/2018
1,25,06/03/2018
1,26,06/03/2018
1,27,06/03/2018
1,28,06/03/2018
1,29,06/03/2018
1,30,06/03/2018
1,31,06/03/2018
1,32,06/03/2018
1,33,06/03/2018
1,34,06/03/2018
1,35,06/03/2018
1,36,06/03/2018
2,1,06/03/2018
2,2,06/03/2018
2,3,06/03/2018
2,4,06/03/2018
2,5,06/03/2018
2,6,06/03/2018
2,7,06/03/2018
2,8,06/03/2018
2,9,06/03/2018
2,10,06/03/2018
2,11,06/03/2018
2,12,06/03/2018
2,13,06/03/2018
2,14,06/03/2018
2,15,06/03/2018
2,16,06/03/2018
2,17,06/03/2018
2,18,06/03/2018
2,19,06/03/2018
2,20,06/03/2018
2,21,06/03/2018
2,22,06/03/2018
2,23,06/03/2018
2,24,06/03/2018
2,25,06/03/2018
3,1,06/03/2018
3,2,06/03/2018
3,3,06/03/2018
3,4,06/03/2018
3,5,06/03/2018
3,6,06/03/2018
3,7,06/03/2018
3,8,06/03/2018
3,9,06/03/2018
3,10,06/03/2018
3,11,06/03/2018
3,12,06/03/2018
3,13,06/03/2018
3,14,06/03/2018
3,15,06/03/2018
3,16,06/03/2018
3,17,06/03/2018
3,19,06/03/2018
4,1,06/03/2018
4,2,06/03/2018
4,3,06/03/2018
4,4,06/03/2018
4,5,06/03/2018
4,6,06/03/2018
4,8,06/03/2018
4,9,06/03/2018
4,10,06/03/2018
4,11,06/03/2018
4,12,06/03/2018
4,13,06/03/2018
4,14,06/03/2018
4,15,06/03/2018
4,16,06/03/2018
4,17,06/03/2018
5,1,06/03/2018
5,2,06/03/2018
